FrameTime,GPUTime,GameThreadTime,GPU/LumenReflections,GPU/LumenScreenProbeGather,GPU/ShadowDepths,GPU/TemporalSuperResolution,GPUMem/LocalUsedMB,GPUMem/LocalBudgetMB
45071.9414,0,0,1.9210,0.1427,26.4514,19.9065,0,0
1142.1520,0,0,3.8020,0.030200,37.4023,7.9524,0,0
37.0512,305.8244,503.6886,4.4298,0.020700,12.2954,6.5710,3167.7578,5153
15.7697,305.8244,24.6443,3.7457,0.020500,4.1678,6.6857,0,0
91.1847,305.8244,10.3604,3.7909,0.024000,3.5722,6.4615,3678.8594,5153
78.7408,82.7368,7.9331,3.6916,0.025100,3.8723,3.1109,3750.1719,5153
49.6588,53.1874,7.0475,1.9417,0.011100,2.0155,3.2594,3750.2344,5153
44.2080,40.9490,5.6596,1.7203,0.010200,2.1788,3.0505,3766.2344,5153
45.7238,44.2125,6.0999,1.8228,0.020800,2.4870,2.9911,3796.4844,5153
31.1333,33.0177,6.7984,1.9445,0.012300,2.0510,2.9870,3794.6719,5153
21.3038,22.3710,4.3103,1.8186,0.011900,2.8841,3.0128,3560.5469,5153
23.2829,21.5548,6.4681,1.7910,0.010000,1.1774,2.9909,3560.7969,5153
22.1391,20.2330,4.8408,1.5360,0.013100,1.0013,2.9830,3553.5469,5153
20.1983,20.0409,4.6842,1.7378,0.011600,1.0681,3.0321,3537.7969,5153
21.2501,20.4390,4.1216,1.7778,0.009700,0.9049,2.9911,3537.7969,5153
23.7814,19.7853,5.6690,2.0849,0.009300,1.2649,3.0085,3537.7969,5153
24.7221,20.1761,7.3484,1.8238,0.010200,1.2886,3.0322,3537.7969,5153
22.3774,19.4937,7.2149,1.7664,0.012400,1.0886,2.9614,3538.0469,5153
27.3405,19.5287,8.5940,1.8986,0.009500,1.0614,2.9481,3538.0469,5153
18.5462,20.8183,7.5805,1.8228,0.010200,1.0150,2.9604,3602.0469,5153
18.0647,19.3304,5.6915,1.7347,0.010500,0.8438,2.9512,3602.0469,5153
20.7209,20.4296,9.1221,1.7663,0.010600,0.9035,3.0576,3602.0469,5153
20.1157,19.6672,4.3741,1.7971,0.010600,1.1236,2.9992,3602.0469,5153
20.5295,19.7394,6.8786,1.7101,0.011800,1.0156,2.9850,3602.2969,5153
18.1388,19.2463,3.6828,1.9558,0.010300,1.0016,3.0240,3602.2969,5153
24.1737,20.1767,3.5910,1.9927,0.012700,0.9869,3.0208,3602.2969,5153
21.6707,19.3202,3.5169,1.8381,0.010500,1.0674,3.0536,3602.2969,5153
21.8244,20.4440,7.0792,2.0040,0.012500,0.9526,3.0546,3602.2969,5153
22.9233,19.8068,3.4850,1.7347,0.011000,1.0237,3.0403,3602.2969,5153
18.4420,20.5337,6.7148,1.8331,0.009500,0.9436,2.9820,3602.2969,5153
21.9085,19.8483,7.1809,1.9220,0.012400,1.1910,3.0219,3602.2969,5153
22.3028,20.6195,6.8897,1.8801,0.009800,0.9335,3.0321,3602.2969,5153
20.4074,20.0705,4.7142,1.5852,0.014100,1.1378,3.0053,3602.2969,5153
20.8333,20.2707,7.4858,1.9856,0.009900,0.9499,3.0034,3602.2969,5153
22.0359,19.8566,4.4789,1.6630,0.010900,1.0669,3.0116,3602.2969,5153
20.1231,20.2642,5.3982,1.8750,0.009000,0.8845,2.9993,3602.2969,5153
21.9669,20.0954,5.2073,1.7080,0.013900,0.9716,2.9859,3602.2969,5153
20.6064,20.0619,5.5608,1.8197,0.010000,0.9767,2.9993,3602.5469,5153
21.8283,20,5.2306,1.7367,0.015800,0.8260,3.0166,3602.7969,5153
20.1631,19.9360,5.8313,1.9311,0.010400,0.9383,3.0126,3602.7969,5153
22.6675,19.7725,5.0914,1.8595,0.011400,1.0697,3.0228,3602.7969,5153
18.7129,19.4157,5.5521,1.9621,0.009700,0.9396,3.0371,3602.7969,5153
20.9026,19.8684,6.5567,1.7468,0.011000,1.2070,3.0525,3602.7969,5153
19.3448,19.7053,6.8720,1.8933,0.010600,0.9333,3.0443,3602.7969,5153
23.5752,20.0028,4.6563,1.9661,0.010200,1.1314,3.0484,3602.7969,5153
19.3059,19.6550,5.6534,1.9108,0.009900,0.9611,3.0444,3602.7969,5153
20.8401,20.6053,6.9827,1.7469,0.010200,1.0396,3.0832,3602.7969,5153
20.1981,19.8157,6.3949,1.9232,0.010300,0.9623,3.0474,3602.7969,5153
21.5825,19.8695,5.5338,1.8862,0.011500,0.9621,3.0597,3602.7969,5153
18.9794,19.8338,5.8172,1.9570,0.008700,0.8948,3.0310,3602.7969,5153
23.9418,20.2932,4.1755,1.9355,0.009600,1.1264,3.1202,3602.7969,5153
19.1702,19.8609,6.3500,2.3437,0.010000,0.7731,3.1028,3602.7969,5153
23.4443,20.6096,6.1443,1.9919,0.010100,0.9842,3.0976,3602.7969,5153
19.6185,19.7211,6.2567,1.8914,0.009700,1.0369,3.0996,3602.7969,5153
23.0332,20.7639,8.1672,2.0213,0.010000,0.9104,3.0914,3602.7969,5153
20.8957,20.6898,4.5049,2.0471,0.009600,1.0976,3.1550,3602.7969,5153
21.2817,20.9588,6.5858,1.9485,0.009800,0.9785,3.1664,3602.7969,5153
20.8389,20.1128,4.1860,1.7080,0.014200,1.1786,3.2440,3602.7969,5153
21.0532,20.4755,7.1859,1.7951,0.011000,1.0248,3.2060,3602.7969,5153
24.5293,20.6778,4.2898,1.8544,0.011300,0.9627,3.1366,3602.7969,5153
23.5408,20.4864,4.7928,2.0092,0.010100,1.2132,3.1326,3602.7969,5153
20.1551,21.2241,6.7683,2.0059,0.010800,0.9344,3.1447,3602.7969,5153
19.1840,20.5828,5.6881,1.9416,0.010000,1.0871,3.1395,3602.7969,5153
22.7821,21.1005,9.6230,1.9938,0.009400,0.9149,3.1089,3602.7969,5153
18.1750,20.3249,4.1713,1.6836,0.011400,1.1446,3.1211,3602.7969,5153
24.2022,20.7097,6.8995,2.0223,0.010800,0.9642,3.1079,3602.7969,5153
23.7037,20.4713,4.9228,1.6773,0.010300,0.9114,3.1611,3602.7969,5153
18.9554,20.3927,4.5626,2.0070,0.011500,0.9809,3.0802,3602.7969,5153
23.5138,20.8424,4.1324,1.9897,0.011200,0.8469,3.0781,3602.7969,5153
19.5805,20.4459,6.8705,1.9937,0.009500,0.9468,3.0588,3602.7969,5153
22.8101,20.5282,6.2138,1.6424,0.010600,0.9608,3.0618,3602.7969,5153
19.1374,20.4773,5.9046,1.8206,0.009200,1.1411,3.0433,3602.7969,5153
23.4467,20.3653,7.1586,1.9638,0.009600,0.8438,3.0782,3602.7969,5153
18.6026,20.0465,4.9632,1.7972,0.010000,1.4894,3.0966,3602.7969,5153
23.1780,20.1393,8.0274,1.7613,0.010400,0.9103,3.0588,3602.7969,5153
24.3417,20.1511,4.8372,1.7398,0.012900,1.2262,3.0586,3602.7969,5153
20.4204,20.7488,4.6548,2.0213,0.010000,0.8782,3.0791,3603.7344,5153
19.6937,20.7131,5.3771,1.7529,0.012200,1.0030,3.0772,3603.7344,5153
22.5459,19.7589,7.7796,1.9588,0.009800,0.8567,3.0762,3603.7344,5153
19.4679,20.5838,9.5060,1.8759,0.010500,0.9548,3.0638,3603.7344,5153
19.2653,19.7841,4.6571,1.8145,0.009500,0.9117,3.0413,3603.7344,5153
22.4430,20.6001,4.6092,1.6885,0.011200,0.8948,3.0720,3603.7344,5153
18.5218,19.9416,6.4986,1.7552,0.009900,0.9142,3.1344,3603.7344,5153
25.1140,20.9392,4.8505,1.7325,0.009000,0.9367,3.0885,3603.7344,5153
19.1912,19.6557,5.3976,2.0030,0.010700,0.9499,3.0657,3603.7344,5153
21.5609,20.7316,7.1000,1.6477,0.010600,1.0798,3.0874,3603.7344,5153
22.1088,20.0760,6.1349,1.6569,0.009400,1.1987,3.0679,3603.7344,5153
20.9792,20.3406,9.8274,1.7347,0.011000,0.9853,3.1110,3604.7344,5153
19.3312,19.8230,5.6967,1.7921,0.010800,1.0523,3.0259,3604.7344,5153
22.6659,20.2765,7.6819,1.8985,0.009600,0.8973,3.0321,3604.7344,5153
18.6952,19.9389,4.5011,1.5932,0.009900,1.1319,3.0525,3604.7344,5153
24.9618,20.6096,6.3303,1.9876,0.009400,0.9199,3.0607,3604.7344,5153
18.2145,19.7693,6.1453,2.0408,0.009800,1.0399,3.1140,3604.7344,5153
21.7436,20.0808,8.3295,1.7530,0.010300,1.0226,3.0770,3604.7344,5153
20.4622,19.8068,4.9704,1.5812,0.013200,1.2969,3.1171,3604.7344,5153
23.5544,20.4743,6.2667,1.8494,0.010400,1.0355,3.1100,3604.7344,5153
19.5031,19.9445,4.5201,1.6445,0.010300,1.1284,3.2154,3604.7344,5153
22.0575,20.3973,6.3306,1.7009,0.009900,0.9311,3.1436,3604.7344,5153
21.3751,20.4754,5.2742,1.5472,0.013100,1.0693,3.1579,3604.7344,5153
19.6362,20.4995,8.1368,1.8401,0.009600,0.5885,2.8928,3604.7344,5153
1054.5594,20.9076,25.4190,1.9506,0.014300,1.0896,2.9000,3604.7344,5153
6.0511,19.8301,489.5444,1.9703,0.010000,0.9350,3.0833,3604.8594,5153
7.4775,19.8301,5.5278,1.9896,0.014200,0.9168,3.1068,0,0
10.6550,19.8301,4.9291,2.1187,0.010100,0.9795,3.0955,3604.8594,5153
17.8645,18.9126,3.8431,2.0684,0.009900,0.9459,3.1089,3604.8594,5153
20.8920,19.0668,5.1276,1.8195,0.011300,0.9798,3.1785,3604.8594,5153
21.0213,19.8518,4.1680,1.7326,0.011100,0.9445,3.0054,3604.8594,5153
21.2836,20.1939,4.3210,1.6895,0.013300,0.8627,3.0668,3604.8594,5153
20.0519,20.1452,4.3792,1.8946,0.010800,0.9181,3.0802,3604.8594,5153
22.9544,20.2437,6.1250,1.7224,0.009400,0.9964,3.0833,3609.7344,5153
21.7298,19.0879,4.7169,1.5013,0.010100,0.9748,3.1651,3610.7344,5153
20.7073,19.6313,5.7684,1.8206,0.010300,0.9263,3.0013,3610.7344,5153
19.8693,20.0280,5.1613,1.7224,0.010100,1.0441,3.0137,3610.7344,5153
22.3351,20.1268,5.4273,1.7614,0.012300,0.9847,3.0955,3610.7344,5153
19.0014,19.7962,6.0127,1.5913,0.011900,1.2985,3.2358,3610.7344,5153
22.0203,19.8143,6.5111,1.7306,0.011100,0.9659,3.0904,3610.7344,5153
19.6362,19.4943,5.7330,1.6856,0.010000,0.9870,3.0966,3610.7344,5153
21.6101,20.2033,5.6658,1.7736,0.009900,0.9783,3.0925,3610.7344,5153
21.7325,19.9253,5.4567,1.9466,0.010900,1.0318,3.0925,3610.9844,5153
20.4556,20.4089,5.6025,1.8861,0.010800,0.9527,3.2481,3610.9844,5153
19.4183,19.6886,5.5958,1.6937,0.010100,0.9633,3.3058,3610.9844,5153
22.0533,20.5132,7.3136,1.5257,0.011100,1.1750,3.4131,3610.9844,5153
20.0672,19.9694,4.9099,1.7081,0.013100,0.9375,3.5256,3610.9844,5153
23.0762,20.9322,4.0639,1.6271,0.022500,1.0516,3.1600,3610.9844,5153
19.7872,19.0837,5.4928,1.8443,0.010200,1.0168,3.1098,3610.9844,5153
21.1149,19.3923,4.3760,1.7418,0.010000,0.9840,3.1355,3611.9844,5153
21.5155,19.7228,5.4041,1.6752,0.011400,1.2184,3.1507,3611.9844,5153
18.9157,20.3773,4.8267,1.7213,0.010500,1.1425,3.0627,3611.9844,5153
21.0831,19.7924,6.7101,1.7725,0.009700,0.9401,3.2204,3611.9844,5153
21.5158,20.2965,4.6876,1.7705,0.010000,0.9479,3.2829,3611.9844,5153
20.8743,20.1831,4.7107,2.0100,0.009900,0.8024,3.4930,3611.9844,5153
20.9302,19.9671,4.4101,1.7747,0.011000,1.1398,3.1007,3611.9844,5153
24.2747,19.9788,6.0635,1.8361,0.009800,1.0112,3.1079,3611.9844,5153
18.5128,19.5338,4.7676,1.7787,0.009800,1.0147,3.0791,3611.9844,5153
20.5045,19.8661,6.5712,1.6845,0.017800,0.9708,3.1161,3611.9844,5153
20.8746,19.9868,4.3708,1.8924,0.010400,1.0051,3.0986,3611.9844,5153
21.3875,19.9166,5.7678,1.7071,0.010100,0.9953,3.2451,3611.9844,5153
19.1799,19.8027,4.7573,1.6485,0.010400,1.0713,3.2379,3611.9844,5153
21.8651,20.0038,6.3378,1.6496,0.010500,0.9551,3.2595,3611.9844,5153
20.5384,20.4407,5.0360,1.7264,0.011400,1.1844,3.2789,3611.9844,5153
22.2089,20.1559,5.7088,1.7335,0.011600,0.8625,3.2521,3611.9844,5153
19.4382,19.3608,4.3632,1.7017,0.010700,1.0314,3.3628,3611.9844,5153
21.0993,19.6473,5.5951,1.8248,0.010600,1.1202,3.3659,3611.9844,5153
17.9501,19.4790,5.0968,1.7694,0.009800,0.9883,3.3792,3612.8594,5153
22.5738,19.6109,5.9114,1.7530,0.009800,1.1763,3.3566,3612.8594,5153
19.5224,19.5766,6.8001,1.6435,0.011600,1.1209,3.3772,3612.8594,5153
22.7881,20.3197,4.4789,1.5492,0.012700,1.0509,3.3821,3612.8594,5153
20.2374,20.1400,5.3601,1.7439,0.011200,1.1540,3.3628,3612.8594,5153
19.8192,20.4125,6.1250,1.9497,0.010300,0.9690,3.3833,3612.8594,5153
21.2843,20.3060,6.7061,1.8627,0.011900,1.0717,3.4313,3612.9844,5153
21.5185,20.0528,6.3996,1.7776,0.019900,0.9650,3.3916,3612.9844,5153
20.5580,20.0575,4.4282,2.0285,0.010300,0.9296,3.5462,3612.9844,5153
21.7747,19.8945,6.1835,1.7890,0.011100,1.1017,3.3649,3612.9844,5153
19.5536,20.5380,6.3311,1.8167,0.010300,1.0536,3.1712,3613.9844,5153
21.7592,20.3734,5.9235,1.7479,0.010600,1.0589,3.1447,3613.9844,5153
22.4249,20.4123,6.8798,1.7039,0.009800,1.3411,3.3188,3613.9844,5153
23.4409,20.6637,7.1263,1.6332,0.010000,1.1381,3.1672,3613.9844,5153
18.0969,20.4937,6.3213,1.7285,0.010500,1.3636,3.1785,3613.9844,5153
21.9898,20.5387,4.0759,1.5932,0.010800,1.2732,3.3198,3613.9844,5153
22.9504,20.8699,7.7578,1.8360,0.012900,0.9906,3.2737,3613.9844,5153
19.9029,20.2487,5.7612,1.5503,0.010400,1.0411,3.2707,3613.9844,5153
23.2522,20.5638,6.1025,1.6588,0.010000,0.9558,3.2716,3613.9844,5153
20.9848,20.4569,4.5168,1.5033,0.011200,1.1707,3.3158,3613.9844,5153
21.7752,20.5499,5.2352,1.7253,0.012200,1.1354,3.3557,3613.9844,5153
20.9749,19.5784,4.0274,1.6374,0.020300,1.0938,3.2860,3613.9844,5153
18.4148,19.7182,4.5063,1.5995,0.009900,1.4299,3.2953,3613.9844,5153
24.7865,19.8361,5.5649,1.7490,0.010100,1.0911,3.1366,3613.9844,5153
20.6844,19.9834,5.3422,1.6589,0.010500,1.1497,3.1262,3613.9844,5153
17.0757,19.3909,6.0226,1.6834,0.011200,0.9682,3.1015,3613.9844,5153
23.0554,19.5798,5.3800,1.8833,0.011900,0.9938,3.1059,3613.9844,5153
20.2521,20.3067,4.2704,1.7265,0.010800,0.9380,3.0965,3613.9844,5153
21.1369,20.1498,7.1850,1.6978,0.009700,0.9182,3.0813,3613.9844,5153
22.3837,19.9441,6.1371,1.6467,0.009500,1.2014,3.2788,3613.9844,5153
19.9037,20.3325,9.4417,1.7275,0.011500,1.2022,3.2747,3613.9844,5153
21.3820,20.3121,3.8730,1.5760,0.010700,1.3282,3.2696,3613.9844,5153
20.1708,20.6536,7.5933,1.6640,0.011500,1.1954,3.2563,3613.9844,5153
21.2930,20.3471,4.9435,1.8094,0.010500,0.8703,3.2605,3613.9844,5153
21.4082,19.5412,5.8410,1.7163,0.011900,1.1481,3.2316,3613.9844,5153
23.6979,19.8258,7.9876,1.7653,0.009800,1.0910,3.3474,3613.9844,5153
17.8632,19.6858,5.7861,1.8944,0.011100,1.1300,3.0669,3613.9844,5153
21.7993,19.6581,6.4474,1.6036,0.010400,1.2820,3.0628,3613.9844,5153
19.7747,19.5168,6.1675,1.6772,0.015800,1.2216,3.2255,3613.9844,5153
20.6988,19.9812,5.4028,1.7418,0.009800,1.0291,3.0720,3613.9844,5153
24.1476,20.1110,6.2139,1.7572,0.012100,1.0398,3.0586,3613.9844,5153
19.9753,20.0118,6.6758,1.7522,0.010700,1.1211,3.0689,3613.9844,5153
18.4901,20.0875,5.8093,1.7111,0.010500,1.2822,3.0618,3613.9844,5153
22.1081,19.8075,5.3881,1.5718,0.010100,1.2588,3.0639,3613.9844,5153
19.9110,20.0494,6.7059,1.7254,0.012200,1.1614,3.3720,3613.9844,5153
21.6516,20.0668,6.3218,1.7396,0.015500,1.0210,3.2921,3613.9844,5153
23.2275,20.0392,7.0375,1.6179,0.011000,1.0626,3.3208,3613.9844,5153
19.2903,20.2914,5.6722,1.4929,0.020400,0.9503,3.3024,3613.9844,5153
23.8946,21.1007,7.1695,1.7899,0.011400,0.9872,3.1508,3613.9844,5153
22.1709,19.5675,4.1715,1.6077,0.013000,0.9817,3.1130,3613.9844,5153
18.6770,19.6730,5.5662,1.7481,0.010400,0.9979,3.1437,3613.9844,5153
22.0022,19.6061,5.1439,1.8709,0.011300,0.9790,3.1343,3613.9844,5153
19.5829,20.2878,3.9487,1.9149,0.012900,0.9987,3.1446,3613.9844,5153
20.5397,20.0985,5.6758,1.9507,0.012600,0.9031,3.2912,3613.9844,5153
22.3466,20.2629,3.9756,1.6619,0.009900,1.4064,3.2747,3613.9844,5153
20.1327,20.3377,4.3840,1.7358,0.013300,0.9668,3.3639,3613.9844,5153
23.7900,20.7984,6.4653,1.7521,0.010500,1.1828,3.1509,3613.9844,5153
19.6745,20.9028,7.1756,1.5902,0.010300,1.2767,3.1457,3613.9844,5153
20.6210,20.1884,5.0103,1.6742,0.009500,1.3352,3.3260,3613.9844,5153
21.5818,19.8003,7.2893,1.5791,0.011200,1.2511,3.3270,3613.9844,5153
22.3498,20.4397,7.5930,1.8002,0.013500,1.0206,3.3219,3613.9844,5153
21.1990,20.2775,6.1518,1.6936,0.013000,0.9593,3.3034,3613.9844,5153
22.0034,20.7544,5.5339,1.9230,0.012700,0.8893,3.2901,3613.9844,5153
21.2785,20.6258,5.3129,1.5789,0.025800,1.0186,3.3321,3613.9844,5153
22.5659,20.0543,4.2892,1.9088,0.014100,1.0008,3.1611,3613.9844,5153
19.6828,19.7145,4.1642,1.8043,0.010000,0.9616,3.0966,3613.9844,5153
21.4892,20.0495,6.6356,1.9496,0.009400,1.2040,3.0761,3613.9844,5153
20.1593,19.8013,4.8091,1.6834,0.012000,1.1651,3.2155,3613.9844,5153
21.2013,20.8754,5.1114,1.7162,0.010200,1.1794,3.2880,3613.9844,5153
22.2359,20.2841,5.0470,1.6497,0.011900,0.7590,3.5328,3613.9844,5153
20.5849,20.7592,5.9931,1.4859,0.010900,1.1410,3.2369,3613.9844,5153
21.2115,20.1534,5.5634,1.6281,0.011700,1.0250,3.3317,3613.9844,5153
23.0040,19.4002,8.4594,1.6792,0.011900,1.2394,3.3485,3614.9844,5153
19.2489,20.3350,5.9331,1.8003,0.010900,1.0511,3.2154,3614.9844,5153
21.1972,19.6083,6.9085,1.8684,0.010300,1.1085,3.0934,3614.9844,5153
24.0191,19.4856,6.3702,1.7142,0.009600,1.1952,3.1139,3614.9844,5153
19.7839,19.7592,5.4303,1.7305,0.011100,1.2039,3.1314,3615.1094,5153
19.4400,19.9134,6.7251,1.8854,0.009500,1.3101,3.1160,3615.1094,5153
20.6193,20.3747,6.3535,1.6159,0.010100,1.2126,3.0864,3615.1094,5153
21.8651,20.3102,6.0544,1.6528,0.009300,1.3422,3.2369,3615.1094,5153
20.9565,20.1411,6.2961,1.4571,0.014700,1.4673,3.2440,3615.1094,5153
22.1505,19.8449,4.5291,1.6159,0.009600,1.2987,3.0668,3615.1094,5153
21.2857,20.1517,5.7420,1.7152,0.010000,1.1221,3.0525,3615.1094,5153
21.6123,20.3064,5.6347,1.7510,0.010500,1.1600,3.0494,3615.1094,5153
19.1726,19.6792,4.7397,1.6373,0.009600,1.3655,3.0453,3615.1094,5153
20.8332,20.2466,5.4295,1.7510,0.009700,1.2408,3.1991,3615.1094,5153
21.8123,19.9788,5.5965,1.6240,0.009600,1.3642,3.0424,3615.1094,5153
21.3995,20.0412,6.3635,1.7080,0.010500,1.1652,3.0577,3615.1094,5153
23.6751,20.0845,7.0388,1.6118,0.009700,1.2780,3.0771,3615.1094,5153
18.0105,20.2908,5.5965,1.5956,0.010400,1.3804,3.0843,3615.1094,5153
20.7605,20.0492,6.4232,1.6578,0.010200,1.3593,3.0689,3615.1094,5153
20.3279,19.8122,5.3463,1.6580,0.010700,1.2782,3.0638,3615.1094,5153
22.2401,19.9723,5.9749,1.7151,0.010000,1.2782,3.0986,3615.1094,5153
19.7359,20.1407,4.7065,1.9231,0.010400,1.0695,3.1130,3615.1094,5153
22.6394,20.4140,5.8357,1.6568,0.009700,1.3516,3.1223,3615.1094,5153
21.2359,19.9640,4.6262,1.6844,0.013500,1.0260,3.1568,3615.1094,5153
20.1989,20.1736,4.7038,1.7908,0.010600,1.0654,3.1385,3615.1094,5153
21.6825,20.0487,5.3047,1.6559,0.009700,1.3833,3.1121,3615.1094,5153
25.1348,20.4903,5.0431,1.8954,0.010100,1.1372,3.0975,3615.1094,5153
18.5889,20.4181,7.4369,1.6681,0.009500,1.1212,3.0801,3615.1094,5153
20.8273,20.3404,4.4827,1.7287,0.010400,1.0810,3.0966,3615.1094,5153
21.0034,20.3041,4.8509,1.7880,0.010600,1.2939,3.0658,3615.1094,5153
21.7906,20.1731,5.3172,1.6456,0.010300,1.1814,3.1007,3615.1094,5153
22.3511,20.0745,5.9697,1.7131,0.010000,1.3159,3.1119,3615.1094,5153
21.1676,20.1661,5.5768,1.6793,0.010100,1.3248,3.1129,3615.1094,5153
19.0796,20.4787,6.8179,1.7398,0.010500,1.2358,3.1305,3615.1094,5153
23.2459,20.1974,8.4216,1.7204,0.010800,1.2728,3.1528,3615.1094,5153
20.3067,20.5068,4.7709,1.6835,0.010600,1.3436,3.1160,3615.1094,5153
20.8029,20.3454,6.7185,1.6753,0.010100,1.3786,3.1212,3615.1094,5153
21.5506,20.3640,5.6374,2.0553,0.009700,0.9842,3.1119,3615.1094,5153
20.6520,20.3622,4.4706,1.5852,0.010900,1.3074,3.0977,3615.1094,5153
20.6171,20.3727,5.9183,1.6711,0.009900,1.3495,3.0955,3615.1094,5153
24.4913,20.2507,6.2243,1.5492,0.010000,1.3613,3.0658,3615.1094,5153
19.4999,20.2053,4.4040,1.7214,0.009900,1.0129,3.0781,3615.1094,5153
21.4175,20.3909,5.4661,1.6323,0.010100,1.3009,3.0649,3615.1094,5153
20.5529,20.3977,5.1383,1.7316,0.010400,1.1119,3.0659,3615.1094,5153
20.6713,20.1223,5.0536,1.7572,0.009400,1.1263,3.0587,3615.1094,5153
22.6062,20.0627,6.8941,1.9262,0.009600,1.0863,3.0566,3615.1094,5153
20.6057,20.1379,6.9391,1.5698,0.011000,1.1033,3.0637,3615.1094,5153
21.6825,20.0423,5.7393,1.9784,0.010500,0.9138,3.0630,3615.1094,5153
18.5283,19.8048,5.7602,1.5564,0.010200,1.1677,3.0464,3615.1094,5153
21.1897,19.7878,5.7378,1.6906,0.011800,0.9920,3.0269,3615.1094,5153
18.6650,20.0210,5.9560,2.0164,0.010100,0.9494,3.0402,3615.1094,5153
23.5913,20.2376,6.7622,1.6764,0.009900,1.2198,3.0413,3615.1094,5153
22.4596,20.0196,5.8705,1.7817,0.009500,1.0537,3.0647,3615.1094,5153
20.5817,19.7793,5.1287,1.9907,0.010200,1.2303,3.0814,3615.1094,5153
23.1449,20.2241,5.0165,2.0378,0.010000,1.2437,3.1079,3615.1094,5153
18.7494,20.0766,5.4863,1.7305,0.010700,1.1038,3.1149,3615.1094,5153
21.0767,19.9846,5.5072,1.7030,0.010200,1.3460,3.0832,3615.1094,5153
19.7279,20.0689,5.1272,1.8064,0.010600,1.1386,3.0486,3615.1094,5153
23.0673,20.6130,5.7435,1.6957,0.010600,1.2467,3.0699,3615.1094,5153
20.0155,20.1239,4.7536,1.6804,0.009800,0.8609,3.0372,3615.1094,5153
25.6517,20.3801,6.2069,1.9712,0.010200,1.2858,3.0433,3615.1094,5153
17.4286,19.7084,6.5319,1.9690,0.010400,1.0356,3.0689,3615.1094,5153
17.1204,19.9465,5.6991,1.7060,0.010100,1.2672,3.0300,3615.1094,5153
22.2774,19.3699,8.4271,1.7521,0.010200,1.2279,3.0095,3615.1094,5153
22.7909,20.0433,5.3858,1.9354,0.011400,1.0946,3.0311,3615.1094,5153
21.6261,19.9185,4.8535,1.6210,0.009900,1.2675,3.0024,3615.1094,5153
19.4418,20.0216,6.3462,1.6701,0.010200,1.4253,3.0413,3615.1094,5153
19.7567,19.7805,6.9664,1.5308,0.010100,1.2311,3.0453,3615.1094,5153
21.0979,20.0354,4.2079,1.6630,0.010000,1.0508,3.0690,3615.1094,5153
20.7617,19.6798,6.4237,1.8462,0.009700,1.0453,3.0719,3615.1094,5153
23.1006,20.1700,6.3444,1.7837,0.010000,1.0495,3.0986,3615.1094,5153
18.4778,19.8571,4.3047,1.6384,0.010800,1.2027,3.0721,3615.1094,5153
20.6625,20.1351,6.7410,1.8495,0.010300,1.0502,3.0585,3615.1094,5153
19.7828,19.5220,5.3884,1.8546,0.010500,1.0485,3.0976,3615.1094,5153
26.9838,20.1613,6.4213,2.0091,0.009700,0.8667,3.0998,3615.1094,5153
19.3841,20.5934,6.0880,1.9979,0.010000,1.3282,3.1272,3615.1094,5153
22.1144,20.1644,4.8671,1.7930,0.010000,1.0823,3.1181,3615.1094,5153
16.6446,20.2597,5.5226,1.7174,0.009800,1.1311,3.0770,3615.1094,5153
22.3523,20.7888,6.0885,2.0028,0.010700,1.0014,3.1141,3615.1094,5153
21.9124,20.3985,5.5923,1.5238,0.010400,1.2180,3.1140,3615.1094,5153
20.9597,20.1992,4.9661,1.7142,0.009700,1.0864,3.1006,3615.1094,5153
20.1971,19.9526,6.3795,1.4910,0.009500,1.3391,3.2862,3615.1094,5153
20.9853,20.0014,5.4548,1.6610,0.011000,0.9328,3.4621,3615.1094,5153
21.9651,19.9265,6.2539,1.7478,0.010200,0.8931,3.0299,3615.1094,5153
19.8930,20.1518,3.8712,1.7091,0.009500,0.9890,3.0475,3615.1094,5153
22.5751,20.3874,4.1970,1.8329,0.009900,1.0561,3.0557,3615.1094,5153
20.2296,20.2704,5.5529,1.7869,0.009400,1.2230,3.2061,3615.1094,5153
21.0435,19.7585,6.5899,1.6435,0.009900,1.0842,3.4134,3615.1094,5153
22.1627,20.2471,5.8774,1.6764,0.009400,1.0177,3.2205,3615.1094,5153
20.4436,20.1939,6.9413,1.6456,0.011900,0.9351,3.5335,3615.1094,5153
20.9201,20.5842,6.4785,1.7030,0.010000,1.0519,3.2409,3615.1094,5153
21.7434,19.4242,6.5069,1.9035,0.009500,0.8987,3.0832,3615.1094,5153
24.2358,19.3421,6.0643,1.6107,0.009300,1.3100,3.1139,3615.1094,5153
20.5179,19.4013,4.5584,1.8984,0.010500,1.2905,3.1068,3615.1094,5153
17.7728,19.8319,9.5215,1.7665,0.010800,1.1975,3.0854,3615.1094,5153
21.8901,20.0900,7.0753,1.8565,0.010700,1.0305,3.0597,3615.1094,5153
20.7416,20.1065,5.3545,1.5862,0.009100,1.3644,3.0823,3615.1094,5153
19.6192,20.1866,5.4237,1.9046,0.009500,1.1955,3.0618,3615.1094,5153
21.1566,20.2341,6.1624,1.6578,0.010300,1.0870,3.0607,3615.1094,5153
20.2981,19.9519,6.3608,1.5862,0.009900,1.4082,3.2216,3615.1094,5153
22.4312,20.0729,5.7494,1.6600,0.012200,0.9590,3.5870,3615.1094,5153
20.4195,19.8367,5.6596,1.9261,0.010300,1.0820,3.0681,3615.1094,5153
22.9044,19.7394,4.9245,1.5658,0.009100,1.3610,3.0526,3615.1094,5153
17.2869,19.3487,4.9850,1.7500,0.009600,1.0776,3.0371,3615.1094,5153
21.2496,20.0013,5.9002,1.7583,0.010400,1.0065,3.0812,3615.1094,5153
21.0862,19.8018,5.8995,1.6487,0.010000,1.0939,3.0597,3615.1094,5153
19.8077,19.8615,6.4389,1.6046,0.009700,1.2721,3.0485,3615.1094,5153
22.5386,19.8065,5.4498,1.5493,0.009600,1.2340,3.0494,3615.1094,5153
21.6486,19.8319,5.7548,1.9826,0.009900,0.8781,3.0116,3615.1094,5153
18.2505,19.8737,5.4670,1.5747,0.010000,1.2692,3.0648,3615.1094,5153
25.0476,19.8477,7.7690,1.7335,0.009700,1.0381,3.0494,3615.1094,5153
16.8186,19.7499,4.8458,1.6927,0.010400,1.2508,3.0332,3615.1094,5153
23.8078,19.8131,5.5733,1.5237,0.010100,1.3526,3.0333,3615.1094,5153
19.3068,19.6564,6.4886,1.6241,0.010400,1.2778,3.0822,3615.1094,5153
22.1915,19.9495,6.2211,1.6528,0.010200,1.3422,3.0844,3615.1094,5153
19.9079,20.0278,5.6671,1.9518,0.010200,1.1114,3.1007,3615.1094,5153
21.4360,19.7681,5.4033,1.7347,0.010400,1.1398,3.1150,3615.1094,5153
22.4480,20.1386,5.4046,1.7119,0.009400,1.3283,3.0976,3615.1094,5153
17.2994,20.4873,4.2847,1.6507,0.009400,1.2535,3.0781,3615.1094,5153
20.9160,20.2758,4.8223,1.5605,0.010700,1.1719,3.1016,3615.1094,5153
20.5385,20.1841,5.6008,1.7797,0.010400,1.1375,3.0957,3615.1094,5153
20.3135,20.0942,6.1374,1.6547,0.009600,1.3582,3.2747,3615.1094,5153
21.5985,19.7048,5.9976,1.5207,0.024100,1.1710,3.2542,3615.1094,5153
20.5650,20.0330,6.5847,1.7418,0.011000,1.1569,3.2921,3615.1094,5153
23.6139,20.1756,6.0946,1.9813,0.009600,1.2109,3.0944,3615.1094,5153
20.2396,20.6402,5.4796,1.7377,0.009600,0.8847,3.0659,3615.1094,5153
24.2649,19.7987,5.5657,1.8023,0.009800,1.0209,3.0862,3615.1094,5153
18.8106,19.8147,4.3607,1.6025,0.010400,1.2853,3.0679,3615.1094,5153
20.7069,20.5466,6.4409,1.7152,0.009600,1.0096,3.0913,3615.1094,5153
18.6296,19.7112,4.4784,1.6579,0.010300,1.2335,3.0813,3615.1094,5153
21.5891,19.9540,6.5655,1.6691,0.010900,1.1876,3.2379,3615.1094,5153
21.5482,20.0302,6.9527,1.7684,0.010800,1.1659,3.2368,3615.1094,5153
20.8110,19.7317,6.2171,1.4152,0.010200,1.2376,3.2791,3615.1094,5153
21.1542,20.3458,6.0424,1.8216,0.010000,1.0433,3.0259,3615.1094,5153
24.1575,20.2013,6.2275,1.6926,0.009300,1.0331,3.0873,3615.1094,5153
22.8952,19.7542,4.9958,2.0399,0.010100,1.1049,3.1099,3615.1094,5153
19.0566,19.6861,7.3739,2.0050,0.010700,1.3067,3.1529,3615.1094,5153
20.5940,20.2379,6.1821,1.5679,0.010900,1.3037,3.1129,3615.1094,5153
20.1224,20.0713,6.0863,1.7142,0.012800,1.1481,3.1222,3615.1094,5153
21.9130,20.3418,6.6424,1.7029,0.010400,1.0991,3.0853,3615.1094,5153
19.5168,20.5005,5.6944,1.7192,0.009300,1.0867,3.2297,3615.1094,5153
21.9184,20.1755,7.0860,1.7786,0.010300,0.8986,3.0656,3615.1094,5153
22.8134,20.2391,5.7707,1.6547,0.012400,1.0072,3.0894,3615.1094,5153
18.2763,19.9732,5.7674,1.6549,0.017000,0.9472,3.0668,3615.1094,5153
24.3391,20.1686,5.5617,1.8114,0.010200,1.0744,3.0761,3615.1094,5153
22.5153,19.8437,6.3822,1.6466,0.010200,1.2261,3.0790,3615.1094,5153
17.9659,20.0416,7.3301,1.6600,0.009800,1.3642,3.0639,3615.1094,5153
21.3999,20.0888,5.1448,1.6231,0.010900,1.0390,3.1150,3615.1094,5153
18.7065,19.8700,6.0916,1.7337,0.010700,1.2436,3.0852,3615.1094,5153
23.1477,19.8961,4.7975,1.9570,0.009200,1.1300,3.0587,3615.1094,5153
22.0102,20.0423,4.3138,1.6609,0.010200,1.1959,3.0597,3615.1094,5153
20.9524,19.7102,5.3407,2.0805,0.009700,0.7640,3.0586,3615.1094,5153
19.6345,20.4031,6.5038,1.6426,0.010000,1.4103,3.0874,3615.1094,5153
21.4776,20.1984,7.8225,1.5709,0.009400,1.3459,3.0770,3615.1094,5153
20.8688,19.8766,4.6997,1.7307,0.010600,1.2020,3.0935,3615.1094,5153
21.3883,19.8979,5.3390,1.7652,0.010300,1.1315,3.0914,3615.1094,5153
18.5271,20.2891,6.6268,1.6812,0.010200,1.2593,3.1068,3615.1094,5153
20.2352,20.1013,8.5054,1.9681,0.010700,1.0528,3.0627,3615.1094,5153
20.8805,20.2734,5.8073,1.5648,0.010200,1.1774,3.0413,3615.1094,5153
20.7967,20.0131,6.1784,1.6312,0.010100,1.4074,3.2051,3615.1094,5153
22.5730,20.1006,3.9746,1.3833,0.011400,1.3990,3.2011,3615.1094,5153
20.5863,19.6086,4.1552,1.7202,0.009800,1.2702,3.0627,3615.1094,5153
19.0244,19.8892,6.7311,1.6067,0.010500,1.2809,3.0321,3615.1094,5153
24.1432,20.4766,6.0744,1.7879,0.009800,1.0234,3.0648,3615.1094,5153
17.2575,19.4023,4.8793,1.6323,0.009500,1.3342,3.0331,3615.1094,5153
24.0498,19.9660,7.3529,1.7797,0.009300,1.3633,3.0639,3615.1094,5153
20.6004,19.9096,5.6007,1.7512,0.008800,1.0399,3.1098,3615.1094,5153
18.7082,20.2018,5.4236,1.7409,0.010200,1.2948,3.1099,3615.1094,5153
20.8060,19.8253,6.8483,1.5718,0.010200,1.4458,3.0852,3615.1094,5153
21.0328,19.8376,6.3317,1.7182,0.012100,1.2089,3.0823,3615.1094,5153
24.5227,19.9767,6.2448,1.6845,0.010600,1.0483,3.0853,3615.1094,5153
19.5883,20.4301,4.0991,1.5596,0.010500,1.3362,3.0750,3615.1094,5153
20.6019,20.4602,5.3880,1.8372,0.011100,0.9694,3.0628,3615.1094,5153
23.0093,20.1451,5.9440,1.9138,0.010200,0.8671,3.1149,3615.1094,5153
22.7461,19.9854,5.1613,1.8433,0.010500,1.0668,3.1100,3615.1094,5153
20.6819,20.6439,6.0119,1.7551,0.012200,1.0469,3.1570,3615.1094,5153
18.0403,20.0089,9.1425,1.6905,0.010400,1.3085,3.0750,3615.1094,5153
23.2624,20.7249,6.8083,1.5677,0.010400,1.3285,3.0628,3615.1094,5153
19.0697,20.5215,6.3791,1.6866,0.009500,1.4334,3.0945,3615.1094,5153
22.5611,20.5621,6.0755,1.6794,0.010000,1.2927,3.0832,3615.1094,5153
20.5416,20.0635,6.4305,2.0081,0.009800,0.9184,3.0976,3615.1094,5153
21.9013,20.0770,6.2890,1.6937,0.010400,1.0196,3.0598,3615.1094,5153
20.4856,20.4076,6.1712,1.7234,0.010500,1.2553,3.0761,3615.1094,5153
21.1633,20.2033,5.6010,1.5544,0.010300,1.2701,3.1119,3615.1094,5153
21.3973,20.1159,5.3874,1.6732,0.010200,1.3477,3.0873,3615.1094,5153
22.6110,19.7169,5.3303,1.5780,0.009600,1.2622,3.0904,3615.1094,5153
19.0852,20.1502,5.3337,2.0584,0.009100,0.9810,3.1131,3615.1094,5153
22.3742,20.3994,7.8988,1.4839,0.010400,1.2641,3.0770,3615.1094,5153
17.9890,20.1299,5.1179,1.6436,0.010400,1.3864,3.0781,3615.1094,5153
21.2544,19.9245,7.2143,1.7847,0.010800,1.3281,3.0761,3615.1094,5153
24.4564,20.1463,6.6224,1.6731,0.010300,1.3645,3.0914,3615.1094,5153
18.5581,20.3633,4.4672,1.8482,0.010400,1.0927,3.0977,3615.1094,5153
19.9970,20.0828,6.8511,1.6763,0.009800,1.3040,3.1181,3615.1094,5153
22.2460,19.7679,6.6776,1.6793,0.009000,1.2094,3.1139,3615.1094,5153
19.8515,20.2455,5.4430,1.7458,0.009100,1.1656,3.1273,3615.1094,5153
24.9451,19.9921,6.1314,1.7776,0.010400,1.1284,3.0997,3615.1094,5153
18.2495,20.3582,6.5378,1.5637,0.008900,1.0435,3.0801,3615.1094,5153
22.4906,20.4291,6.0018,1.6855,0.009800,1.3321,3.0485,3615.1094,5153
23.2784,20.4844,4.3288,1.8371,0.009800,1.2207,3.0413,3615.1094,5153
21.6108,20.3641,7.7642,2.0042,0.010800,1.2134,3.0771,3615.1094,5153
18.8339,20.1019,6.9544,1.8648,0.008900,1.1882,3.1110,3615.1094,5153
20.0999,19.7287,4.7008,1.7020,0.010200,1.1561,3.0607,3615.1094,5153
18.3648,19.8671,5.4465,1.6536,0.009300,1.1726,3.0771,3615.1094,5153
22.7690,19.8751,5.9832,1.6405,0.011200,1.0783,3.0618,3615.1094,5153
20.2199,20.0763,4.3252,1.6928,0.009800,1.3039,3.0607,3615.1094,5153
20.2908,19.9364,5.9734,1.6795,0.009400,1.1516,3.0955,3615.1094,5153
21.9412,20.1460,5.8191,1.5831,0.013300,1.2440,3.1202,3615.1094,5153
18.9016,19.9091,4.1129,1.7325,0.009900,1.0017,3.1160,3615.1094,5153
21.9587,20.1260,4.1430,1.7459,0.009100,0.9167,3.2318,3615.1094,5153
21.1327,19.7985,5.0887,1.6424,0.017000,1.0093,3.2471,3615.1094,5153
22.3008,20.3158,4.8608,1.4828,0.011900,0.9375,3.3148,3615.1094,5153
20.3789,20.2386,4.8840,1.6978,0.010400,1.1995,3.3136,3615.1094,5153
20.7462,20.2724,5.0678,1.7070,0.010400,0.9587,3.2808,3615.1094,5153
20.7438,19.6025,5.1180,1.7449,0.011900,1.0844,3.3034,3615.1094,5153
20.7616,19.4349,4.9691,1.6732,0.012700,1.0404,3.3076,3615.1094,5153
21.1728,19.4087,5.1885,1.5463,0.011700,1.0786,3.3382,3615.1094,5153
20.5794,19.6982,5.1655,1.6342,0.011100,1.1490,3.3281,3615.1094,5153
22.0928,19.7459,6.5740,1.6703,0.012900,1.1848,3.3289,3615.1094,5153
20.1855,19.8229,5.2769,1.7736,0.010500,1.0563,3.1601,3615.1094,5153
20.0540,19.9142,7.1832,1.7696,0.009800,1.1489,3.1148,3615.1094,5153
20.0786,19.8557,4.9925,1.7654,0.009900,1.1880,3.1335,3615.1094,5153
19.8309,19.6198,5.9595,1.8176,0.016900,1.0376,3.1058,3615.1094,5153
20.4023,20.0977,5.5316,1.6865,0.009900,0.9896,3.2716,3615.1094,5153
22.3339,20.1650,5.5252,1.7460,0.011100,1.0688,3.1171,3615.1094,5153
22.2438,20.3138,5.4465,1.6077,0.012200,1.0441,3.0688,3615.1094,5153
19.6099,20.2738,4.7143,1.7120,0.011000,0.9295,3.0822,3615.1094,5153
25.9034,19.3718,4.9908,1.6569,0.016700,0.9895,3.0699,3615.1094,5153
16.2390,20.2436,7.8551,1.6895,0.010800,1.0100,3.0535,3615.1094,5153
20.4457,19.8508,5.8488,1.7182,0.009900,0.9683,3.0648,3615.1094,5153
21.0421,19.6816,4.9736,1.8545,0.010900,0.8564,3.0597,3615.1094,5153
22.4634,19.7666,4.6783,1.8072,0.010200,0.9908,3.0678,3615.1094,5153
18.7601,19.8669,5.8545,1.5903,0.012700,1.1141,3.0751,3615.1094,5153
20.8187,19.8998,5.2460,1.7317,0.009000,1.0884,3.0792,3615.1094,5153
24.9940,19.9673,4.3605,1.6159,0.012700,1.1061,3.0535,3615.1094,5153
18.8034,20.0536,8.1016,1.9926,0.010100,0.9931,3.0710,3615.1094,5153
23.7519,20.0794,4.5851,1.9076,0.010200,0.8121,3.1130,3615.1094,5153
15.8600,19.8362,7.9687,1.8576,0.009800,0.9656,3.1088,3615.1094,5153
23.1175,20.2749,4.5739,1.7070,0.014700,1.0168,3.0731,3615.1094,5153
20.6676,20.3519,5.3479,1.7890,0.009900,0.9922,3.0536,3615.1094,5153
20.3848,20.7580,5.2384,1.8410,0.009600,1.1826,3.2493,3615.1094,5153
21.1211,20.2474,5.5849,1.7264,0.009900,1.0991,3.2562,3615.1094,5153
21.7486,19.8824,4.7748,1.8340,0.011700,1.0167,3.2819,3615.1094,5153
19.9899,20.4535,6.7826,1.7450,0.012000,1.1981,3.2512,3615.1094,5153
21.8256,20.6312,4.1561,1.5738,0.012000,1.1281,3.2029,3615.1094,5153
21.4402,19.4468,7.7267,1.7244,0.010000,0.8261,3.2380,3615.1094,5153
20.5598,19.0383,6.4158,1.8505,0.008600,0.8749,3.2949,3616.1094,5153
20.6515,19.7702,6.4116,1.7928,0.010400,1.0763,3.2768,3616.1094,5153
22.9381,19.2468,5.6081,1.7551,0.010600,1.2112,3.1969,3616.1094,5153
17.6368,20.0342,7.9152,1.7450,0.012600,1.0974,3.0423,3616.1094,5153
22.6546,19.3828,4.6967,1.7029,0.010100,1.1201,3.0423,3616.1094,5153
19.9687,19.3013,7.8585,1.7192,0.009200,1.0518,3.2134,3616.1094,5153
20.1989,19.5557,5.8479,1.7685,0.010200,1.0271,3.2327,3616.1094,5153
21.3643,20.0396,5.0353,2.0786,0.010100,0.9248,3.0648,3616.1094,5153
25.1733,20.0891,6.1610,1.5187,0.009900,1.4214,3.0351,3616.1094,5153
18.6604,20.0577,5.5065,1.5975,0.009800,1.3456,3.0638,3616.1094,5153
25.1318,20.3595,6.2121,1.6189,0.009600,1.3650,3.0596,3616.1094,5153
16.6522,20.1981,5.4173,1.8800,0.010000,1.1102,3.1018,3616.1094,5153
21.9938,20.5084,7.3211,1.6927,0.009500,1.0287,3.1213,3616.1094,5153
19.5912,19.9938,4.9298,1.7531,0.009600,1.2589,3.0945,3616.1094,5153
19.7964,19.9596,5.5951,1.6313,0.010600,1.2239,3.0813,3616.1094,5153
23.9275,19.7733,7.2349,1.6968,0.010100,1.0952,3.1284,3616.1094,5153
19.5284,20.1348,4.1779,1.7808,0.010000,1.3066,3.1345,3616.1094,5153
19.7694,20.2811,5.1954,1.7203,0.010100,1.0984,3.3014,3616.1094,5153
23.3529,19.8641,4.2440,1.6784,0.012300,1.1727,3.1519,3616.1094,5153
19.7093,20.2236,4.8500,1.8514,0.010400,0.9416,3.1387,3616.1094,5153
19.8693,19.9809,6.3636,1.7706,0.009600,1.0264,3.1077,3616.1094,5153
22.0260,20.4068,5.6662,1.8668,0.013400,0.9214,3.1099,3616.1094,5153
23.6448,20.3233,5.3470,1.7204,0.014000,0.9565,3.1272,3616.1094,5153
19.3973,20.5142,8.7480,2.0695,0.010200,0.8746,3.0842,3616.1094,5153
21.2057,20.1702,4.8488,2.0469,0.010700,0.8431,3.0679,3616.1094,5153
21.4287,20.5175,6.6019,2.0131,0.010300,0.9478,3.0648,3616.1094,5153
19.9845,20.0199,8.9298,1.5944,0.010900,1.2418,3.2502,3616.1094,5153
21.8950,21.0176,4.8589,1.8401,0.009800,1.0692,3.2584,3616.1094,5153
21.7465,20.4373,9.6857,1.8074,0.010100,0.9705,3.3076,3616.1094,5153
22.1460,20.3825,7.3426,1.6263,0.014400,0.8501,3.6101,3616.1094,5153
20.2931,20.5317,7.7665,1.6017,0.009400,1.3467,3.2553,3616.1094,5153
21.5390,19.9324,6.8382,1.9404,0.010200,0.9387,3.2643,3616.1094,5153
22.0843,20.2455,8.2626,1.7018,0.010200,0.9891,3.2194,3616.1094,5153
19.8747,19.5964,5.7138,1.6496,0.009600,0.8733,3.4499,3616.1094,5153
21.3618,19.4137,4.7314,1.6947,0.010600,1.1559,3.2032,3616.1094,5153
21.3995,19.5081,7.4017,1.6486,0.015200,1.1816,3.1887,3616.1094,5153
21.9530,19.2781,6.0986,1.6781,0.010000,1.2310,3.0965,3616.1094,5153
18.7152,19.5286,5.7630,1.8229,0.010200,1.1728,3.0382,3616.1094,5153
22.1240,19.7203,5.7496,1.7325,0.010800,1.0867,3.0320,3616.1094,5153
19.1464,19.4755,7.4483,1.6835,0.009200,0.8235,3.2009,3616.1094,5153
22.2332,20.7158,5.5867,1.8575,0.009800,1.2434,3.2081,3616.1094,5153
21.5753,20.1712,8.5944,1.4481,0.012000,1.1761,3.2799,3616.1094,5153
23.6382,19.9294,6.4539,1.8462,0.011800,1.0380,3.2695,3616.1094,5153
18.6661,20.1169,4.7499,1.6629,0.009800,1.1557,3.2389,3616.1094,5153
19.4507,19.5784,7.4616,1.6179,0.009600,1.2472,3.2204,3616.1094,5153
20.8603,19.3974,5.6613,1.5216,0.010100,1.3040,3.2101,3616.1094,5153
22.7300,19.4758,6.6946,1.9191,0.010200,1.0528,3.0678,3616.1094,5153
20.1586,20.0617,7.6009,1.5492,0.009300,1.3556,3.1119,3616.1094,5153
23.3895,20.8922,6.6357,1.6487,0.010100,1.3509,3.1017,3616.1094,5153
17.0870,19.3859,4.3792,1.6691,0.009700,1.2745,3.0997,3616.1094,5153
20.4899,20.1244,6.3095,1.5565,0.009000,1.4540,3.0526,3616.1094,5153
25.0080,20.6532,6.0383,1.5504,0.010100,1.2038,3.0475,3616.1094,5153
24.0279,20.4516,5.4771,1.9486,0.009700,1.2809,3.0496,3616.1094,5153
17.8950,20.1269,8.0394,1.6677,0.010200,0.8897,3.0709,3616.1094,5153
21.2787,19.9369,4.7889,1.7551,0.009300,1.1850,3.0504,3616.1094,5153
17.1361,19.6282,5.4228,1.9004,0.010100,0.9792,3.1008,3616.1094,5153
22.7320,20.1256,7.3858,1.7234,0.012200,1.3092,3.2400,3616.1094,5153
19.5531,19.8174,4.3434,1.4584,0.011900,1.2493,3.2696,3616.1094,5153
20.9739,19.9455,7.4530,1.6905,0.009800,0.9311,3.3679,3616.1094,5153
22.5795,20.2494,6.4408,1.5596,0.011400,1.2153,3.0997,3616.1094,5153
24.4526,19.3373,5.1829,1.6843,0.011600,1.0502,3.0853,3616.1094,5153
13.5057,19.5429,5.4307,1.7705,0.009600,1.1047,3.1190,3616.1094,5153
21.3741,19.8430,6.2816,1.6588,0.010100,1.2634,3.1222,3616.1094,5153
21.7699,19.9896,8.1131,1.6435,0.009400,1.3938,3.1079,3616.1094,5153
20.7353,19.7272,6.3451,1.8123,0.010100,1.0533,3.2359,3616.1094,5153
20.7971,20.2528,6.3151,1.6701,0.009800,1.1458,3.2175,3616.1094,5153
22.0302,20.4126,6.5152,1.5165,0.011600,1.1585,3.2706,3616.1094,5153
20.7832,20.4549,5.6621,1.7623,0.010400,1.1887,3.1231,3616.1094,5153
21.8502,20.1987,5.5169,1.6702,0.010700,1.2001,3.1498,3616.1094,5153
20.7079,19.3233,5.4776,1.6906,0.010200,1.3272,3.1180,3616.1094,5153
23.4505,19.1459,5.4799,1.6958,0.015400,1.0618,3.1489,3616.1094,5153
17.7770,20.5944,4.4343,1.7091,0.011900,1.0307,3.0903,3616.1094,5153
24.9321,20.3472,5.9539,1.8873,0.010100,0.9557,3.1170,3616.1094,5153
17.7978,20.1620,5.7705,1.7306,0.013600,1.0364,3.1150,3616.1094,5153
23.1630,20.6368,6.6426,1.7489,0.010300,0.9536,3.0955,3616.1094,5153
19.6481,19.9620,4.4036,1.8995,0.015000,0.9420,3.1028,3616.1094,5153
21.0880,19.9205,5.1683,1.7306,0.011000,0.9526,3.0925,3616.1094,5153
20.7937,20.2226,4.5316,1.7368,0.009100,0.9076,3.2296,3616.1094,5153
20.9714,20.0694,5.0927,1.6885,0.011600,0.9782,3.0678,3616.1094,5153
23.8695,20.5552,4.5420,1.6588,0.011300,0.9900,3.0670,3616.1094,5153
21.3211,20.1943,4.9509,1.9436,0.009800,0.9700,3.0741,3616.1094,5153
18.9178,20.0763,6.9005,1.8371,0.014600,0.8898,3.0269,3616.1094,5153
20.5853,19.8072,5.1370,1.8983,0.010300,1.1953,3.0117,3616.1094,5153
20.7481,20.3721,5.0691,1.7111,0.009400,1.0549,3.1662,3616.1094,5153
22.0604,20.1624,4.7245,1.5185,0.009800,1.3118,3.0638,3616.1094,5153
24.7718,20.4385,8.0071,1.8883,0.010400,0.9092,3.1161,3616.1094,5153
17.6220,20.5817,6.5368,1.7500,0.010300,1.2189,3.1170,3616.1094,5153
27.8356,20.4335,6.0396,1.7499,0.011600,1.0826,3.0751,3616.1094,5153
14.0601,20.1398,5.5646,1.8002,0.009700,1.3323,3.0577,3616.1094,5153
21.5911,20.4304,7.3029,1.8453,0.010400,1.2872,3.0966,3616.1094,5153
21.8291,20.5880,6.4546,1.6027,0.010300,1.2124,3.0720,3616.1094,5153
20.1597,20.2483,6.0757,1.7010,0.009900,1.1575,3.2543,3616.1094,5153
20.5117,19.9987,6.5023,1.4611,0.010400,1.3361,3.2369,3616.1094,5153
21.5044,19.8316,6.4257,1.5984,0.010400,1.1717,3.3278,3616.1094,5153
21.0857,19.9371,5.8538,1.5012,0.010100,1.2421,3.0822,3616.1094,5153
23.4183,20.1615,6.2728,1.7643,0.010600,1.1517,3.0434,3616.1094,5153
17.5160,19.4222,4.5077,1.9147,0.011300,1.0841,3.0750,3616.1094,5153
20.9943,19.6552,6.3110,1.7204,0.010100,1.0198,3.0341,3616.1094,5153
19.9728,20.0630,7.3029,1.5575,0.010000,1.2074,3.2061,3616.1094,5153
22.0044,19.8605,6.2212,1.6280,0.009700,1.3573,3.0392,3616.1094,5153
24.6705,20.4630,6.1070,1.6569,0.010000,0.9632,3.0280,3616.1094,5153
22.8930,20.1655,4.4337,1.7696,0.009400,1.0247,3.0997,3616.1094,5153
17.8217,20.2579,4.9228,1.8054,0.009700,1.0331,3.0914,3616.1094,5153
23.7636,20.2940,7.5498,1.7727,0.010000,1.0915,3.1017,3616.1094,5153
16.9380,19.5369,4.6958,1.6733,0.011400,1.0341,3.1182,3616.1094,5153
24.2511,20.2889,7.6743,1.6526,0.009900,1.3556,3.1109,3616.1094,5153
20.9204,20.0867,4.9717,1.9425,0.011200,1.0876,3.1119,3616.1094,5153
19.6217,20.5752,4.5532,1.7459,0.010000,1.2603,3.1202,3616.1094,5153
22.2376,20.1844,5.5954,1.8831,0.009600,0.9802,3.1151,3616.1094,5153
19.6353,20.3827,6.2820,1.6219,0.009900,1.2157,3.0812,3616.1094,5153
21.5751,20.4742,7.5763,1.5606,0.018000,1.0358,3.2572,3616.1094,5153
20.1153,20.5683,5.1925,1.7182,0.010400,1.1022,3.0740,3616.1094,5153
24.2568,19.8196,3.9873,1.7970,0.009800,0.9390,3.0957,3616.1094,5153
22.3169,20.1679,5.6604,1.7756,0.009500,1.0203,3.0915,3616.1094,5153
17.6883,20.4798,6.1043,1.6538,0.009900,1.2131,3.0997,3616.1094,5153
19.3904,19.9462,7.1276,1.5730,0.010300,1.3031,3.0853,3616.1094,5153
24.4258,20.3616,7.1013,1.9835,0.011200,1.0319,3.1129,3616.1094,5153
20.0355,20.1888,5.9698,1.6384,0.010600,1.3285,3.1120,3616.1094,5153
22.1172,20.2993,6.7452,1.7940,0.009600,1.1510,3.1304,3616.1094,5153
20.8600,20.2365,4.8551,1.7808,0.009600,1.0904,3.1212,3616.1094,5153
23.9567,20.3759,4.5903,1.8831,0.012600,1.0286,3.0924,3616.1094,5153
18.9679,20.1650,4.5574,1.9364,0.010700,0.8697,3.1120,3616.1094,5153
20.7192,20.1807,5.3165,1.6710,0.010900,1.0800,3.1364,3616.1094,5153
22.4960,20.2928,4.9400,1.7797,0.009800,1.1611,3.1458,3616.1094,5153
22.0221,20.1058,5.6411,1.8022,0.010300,1.1163,3.1694,3616.1094,5153
17.5637,19.8955,8.2510,1.6722,0.016800,1.0360,3.1172,3616.1094,5153
24.0099,20.1186,4.7228,1.6824,0.016500,0.9433,3.0864,3616.1094,5153
18.8928,20.3241,4.4554,1.8256,0.010300,0.9215,3.0832,3616.1094,5153
21.9495,20.4671,4.5155,2.0194,0.009400,0.8838,3.0587,3616.1094,5153
21.4252,20.3867,6.3296,1.9978,0.010300,0.9982,3.0843,3616.1094,5153
20.8603,20.1956,7.6383,1.8813,0.013300,1.0175,3.1160,3616.1094,5153
20.9715,20.1448,6.0384,1.7183,0.010300,0.8910,3.0782,3616.1094,5153
21.3925,19.5942,7.4064,1.6907,0.009000,0.8805,3.0228,3616.1094,5153
19.1579,20.0528,8.1357,1.7531,0.010000,1.1799,3.0167,3616.1094,5153
21.4454,20.4872,5.5881,1.7007,0.010600,1.1586,3.0290,3616.1094,5153
21.1682,20.3402,7.3779,1.7798,0.010200,1.2167,3.0444,3616.1094,5153
21.4610,20.0921,7.3682,1.9199,0.009800,1.1443,3.0393,3616.1094,5153
19.8014,20.2301,6.2640,1.6886,0.009600,1.3182,3.0627,3616.1094,5153
23.0490,20.0617,6.2787,1.9629,0.010700,1.0779,3.0945,3616.1094,5153
19.8280,20.0177,6.6177,1.7775,0.009700,1.0173,3.1088,3616.1094,5153
20.7380,20.2638,6.7971,1.7551,0.009600,1.1036,3.1098,3616.1094,5153
22.4555,19.8836,6.0657,1.5965,0.010400,1.3555,3.0924,3616.1094,5153
22.7889,19.9975,6.2309,1.9191,0.009900,1.0031,3.0484,3616.1094,5153
19.8721,20.3042,4.4212,1.7488,0.009600,1.1796,3.0434,3616.1094,5153
21.9381,20.3629,5.6609,1.7459,0.010100,1.0268,3.0535,3616.1094,5153
22.8669,20.1732,5.3807,1.5555,0.010600,1.2545,3.0628,3616.1094,5153
18.2838,20.2083,7.8588,1.8454,0.009700,1.1901,3.0607,3616.1094,5153
20.4380,20.2046,7.8106,1.6938,0.009400,1.0722,3.0403,3616.1094,5153
23.5465,19.5731,6.7605,1.7480,0.009800,1.1914,3.1006,3616.1094,5153
22.5780,19.8029,5.5799,1.9804,0.010200,1.2303,3.0925,3616.1094,5153
17.4887,20.1432,5.5050,1.5955,0.009700,1.1082,3.1119,3616.1094,5153
20.9556,19.8524,6.0676,1.7377,0.010300,1.2112,3.1170,3616.1094,5153
20.2775,20.5848,5.6409,1.7848,0.010900,1.2930,3.1119,3616.1094,5153
22.2328,19.9925,6.0014,1.6435,0.010900,1.3766,3.0893,3616.1094,5153
23.6068,19.9266,6.4814,1.6630,0.010500,1.2719,3.0474,3616.1094,5153
21.1560,20.4077,4.7439,1.6313,0.010000,1.2734,3.0978,3616.1094,5153
18.0841,20.6082,6.0925,1.5698,0.010100,1.3356,3.1151,3616.1094,5153
24.0417,20.4144,7.6472,1.7786,0.010600,1.0713,3.1182,3616.1094,5153
22.2917,20.0432,5.8098,1.6795,0.010100,1.3178,3.1356,3616.1094,5153
18.1631,20.0121,7.4667,2.1289,0.010800,1.0847,3.0895,3616.1094,5153
24.8422,20.2983,5.6551,2.0264,0.011700,1.1881,3.2061,3616.1094,5153
20.6832,20.1270,6.1092,1.8852,0.009600,1.2134,3.1201,3616.1094,5153
20.8724,20.5791,6.1056,2.0081,0.010600,1.0113,3.1151,3616.1094,5153
23.5196,20.1847,9.2159,2.1371,0.010200,1.0413,3.1170,3616.1094,5153
19.5465,20.5099,9.0583,1.6507,0.010300,1.3957,3.0955,3616.1094,5153
20.4649,20.4858,5.1783,1.6261,0.041700,1.0389,3.0771,3616.1094,5153
22.3071,20.4722,6.3985,1.6467,0.010100,1.1109,3.0668,3616.1094,5153
19.9634,20.4435,6.6514,1.9036,0.011800,0.9575,3.0504,3616.1094,5153
19.0885,20.6118,7.6757,1.6088,0.010800,1.1431,3.1243,3616.1094,5153
23.6151,20.1448,5.9779,1.7623,0.009300,1.1544,3.1345,3616.1094,5153
20.2072,19.8662,5.1017,1.5689,0.009700,1.1356,3.1160,3616.1094,5153
22.0729,20.6170,6.3782,1.5913,0.010900,1.1804,3.1109,3616.1094,5153
20.2588,19.9667,6.3725,1.6691,0.017200,1.0617,3.1130,3616.1094,5153
21.4401,19.9516,5.6751,1.8873,0.011600,0.9613,3.2194,3616.1094,5153
20.3414,20.0736,5.1808,1.7008,0.011000,1.0072,3.1129,3616.1094,5153
21.4076,20.1382,6.0827,1.7806,0.009900,0.8866,3.1048,3616.1094,5153
21.9023,20.1808,5.0569,1.6435,0.011100,1.1415,3.0423,3616.1094,5153
23.8819,20.8220,6.1362,1.9048,0.009700,0.8902,3.0291,3616.1094,5153
21.2542,20.9182,7.0463,1.8474,0.009000,0.9109,3.0116,3616.1094,5153
23.3460,20.8392,5.8329,1.8555,0.010400,1.1472,3.0075,3616.1094,5153
18.2222,19.8863,6.1172,1.7082,0.009100,1.1491,2.9942,3616.1094,5153
23.0348,20.3356,8.5839,1.6302,0.009200,1.3218,3.0506,3616.1094,5153
20.4658,19.9236,5.9214,1.6762,0.009700,1.0225,3.0627,3616.1094,5153
20.6945,20.1106,5.2601,1.7430,0.009800,0.8403,3.0454,3616.1094,5153
23.9561,19.6316,6.3840,1.9876,0.011500,1.1077,3.0586,3616.1094,5153
22.6559,20.2857,9.8308,2.0214,0.011000,1.1996,3.0956,3616.1094,5153
17.1039,19.8948,7.0576,1.7911,0.009300,0.8474,3.1078,3616.1094,5153
21.7011,20.4936,7.1228,1.9620,0.011000,0.9801,3.1152,3616.1094,5153
23.4728,20.3221,5.6888,1.7746,0.010100,1.1975,3.0607,3616.1094,5153
22.6530,20.6093,4.6194,2.0501,0.009200,1.2618,3.0607,3616.1094,5153
18.5947,20.5532,9.0613,1.9497,0.009800,1.1226,3.0812,3616.1094,5153
22.0045,20.6176,9.9432,1.8054,0.010200,1.0917,3.0936,3616.1094,5153
22.7927,20.1242,8.4831,1.7703,0.009900,0.9543,3.0730,3616.1094,5153
20.7768,19.7760,6.2206,1.9906,0.009600,1.0166,3.0505,3616.1094,5153
20.5402,20.3467,7.1045,1.9652,0.010100,1.1547,3.0985,3616.1094,5153
20.2745,20.1929,5.0547,1.7767,0.009800,1.0959,3.0975,3616.1094,5153
21.8497,20.2303,7.2811,1.7295,0.010000,1.0279,3.0924,3616.1094,5153
19.1650,20.1135,7.7558,1.6180,0.010200,1.0664,3.0916,3616.1094,5153
24.4667,20.2351,6.4942,1.6476,0.010000,1.3383,3.0638,3616.1094,5153
19.3279,19.9111,6.9390,1.9569,0.009500,1.1729,3.0680,3616.1094,5153
19.0499,20.1931,5.4907,1.9353,0.010200,1.1388,3.0935,3616.1094,5153
24.6287,19.8787,6.3645,1.6292,0.010800,1.2366,3.1119,3616.1094,5153
20.4397,20.5761,6.2230,1.8472,0.010100,1.2183,3.1223,3616.1094,5153
18.7231,20.3488,7.7533,1.7828,0.009700,1.1626,3.1508,3616.1094,5153
24.7047,20.2357,7.9977,1.6660,0.010500,1.3009,3.0966,3616.1094,5153
21.3750,20.5158,4.8396,1.9713,0.010900,1.2980,3.0996,3616.1094,5153
22.0835,20.2332,6.4738,1.9611,0.010900,1.1749,3.1080,3616.1094,5153
18.3500,20.7383,8.4534,1.6138,0.010400,1.2369,3.0996,3616.1094,5153
22.6792,20.5107,6.1823,1.7809,0.009500,1.2553,3.0680,3616.1094,5153
19.4188,20.4510,7.0744,1.7746,0.009700,1.1303,3.0823,3616.1094,5153
21.0253,20.4572,7.4976,1.6784,0.010400,1.3554,3.1162,3616.1094,5153
22.0130,20.7068,6.0893,1.7920,0.009700,1.0698,3.0862,3616.1094,5153
20.3187,19.9111,4.6396,1.7224,0.009300,1.2041,3.0679,3616.1094,5153
22.2927,19.8212,5.6566,1.7275,0.010600,1.1801,3.0618,3616.1094,5153
24.5768,20.3459,5.7521,1.9508,0.010400,1.1699,3.0944,3616.1094,5153
18.3048,19.9884,7.0374,1.9826,0.009300,1.3165,3.1099,3616.1094,5153
22.8450,20.3759,4.6413,1.8175,0.010800,1.2037,3.1211,3616.1094,5153
17.9584,20.1786,5.7927,1.7848,0.010700,1.2427,3.1499,3616.1094,5153
23.2386,20.1792,6.3697,1.7930,0.009600,1.2844,3.1550,3616.1094,5153
20.7560,20.5453,6.1283,1.7162,0.009900,1.3057,3.1704,3616.1094,5153
22.5847,20.1747,8.1482,1.8279,0.012200,1.1153,3.1200,3616.1094,5153
22.5840,20.4193,5.4144,1.7233,0.009300,0.9454,3.1059,3616.1094,5153
18.6592,20.6007,7.8468,1.6630,0.010400,1.1820,3.0843,3616.1094,5153
21.5548,20.8401,4.7816,1.5821,0.021400,1.0701,3.0903,3616.1094,5153
22.3052,20.3099,4.4548,1.7788,0.019200,1.0559,3.0710,3616.1094,5153
18.5587,19.6927,6.1944,1.7337,0.010100,0.9100,3.0670,3616.1094,5153
23.8698,19.7456,4.3431,1.7202,0.008900,1.0236,3.0474,3616.1094,5153
19.5182,19.9949,5.8816,1.8985,0.009300,1.1786,3.0147,3616.1094,5153
28.3495,20.0990,6.2030,1.9692,0.009900,0.8895,3.0915,3616.1094,5153
15.3726,19.9324,6.4417,1.5985,0.009300,1.3454,3.0946,3616.1094,5153
19.9489,19.5432,8.3914,1.5778,0.009900,1.3462,3.0781,3616.1094,5153
20.3943,19.8304,5.2818,1.8247,0.009400,0.9245,3.0566,3616.1094,5153
20.9721,19.8980,6.3869,1.5913,0.009800,1.3554,3.1130,3616.1094,5153
21.0697,19.9735,5.2969,1.7666,0.010100,1.0117,3.0781,3616.1094,5153
20.7821,19.9978,6.9460,1.9874,0.016000,0.8694,3.0750,3616.1094,5153
22.1529,19.5763,6.6197,1.6507,0.010400,1.3452,3.1458,3616.1094,5153
19.6572,20.0464,4.9516,1.6609,0.010500,1.2476,3.1264,3616.1094,5153
21.7771,19.9915,4.1963,1.6692,0.009700,1.2695,3.1354,3616.1094,5153
22.8308,19.8269,5.0510,1.9549,0.009200,0.9394,3.1120,3616.1094,5153
20.6615,20.4034,6.5166,2.0409,0.010000,1.2148,3.1007,3616.1094,5153
20.1036,20.3372,7.3028,2.0141,0.011000,0.9370,3.1109,3616.1094,5153
19.2918,20.5741,6.4599,1.6549,0.009400,1.3353,3.1355,3616.1094,5153
24.0011,20.1005,5.3303,1.8913,0.012100,0.9534,3.2686,3616.1094,5153
17.2796,20.3483,7.1530,1.7182,0.009400,0.9704,3.0628,3616.1094,5153
23.0577,19.8755,5.2455,1.6322,0.011300,1.0146,3.0780,3616.1094,5153
22.7970,20.1214,7.2441,1.9415,0.009600,0.9300,3.0710,3616.1094,5153
16.7106,20.7317,6.6008,1.9405,0.009500,0.8980,3.0680,3616.1094,5153
23.7992,20.1067,8.9183,1.8871,0.011000,0.9152,3.0699,3616.1094,5153
21.0765,20.1070,6.3017,1.9016,0.010500,1.1580,3.0586,3616.1094,5153
20.1819,20.5301,6.1682,1.7304,0.009600,1.1646,3.1979,3616.1094,5153
20.4269,20.4341,3.9568,1.8996,0.010100,0.9685,3.0905,3616.1094,5153
22.3948,20.6653,5.5159,1.7919,0.009900,1.0784,3.1069,3616.1094,5153
26.2640,20.2413,8.3679,1.7335,0.010700,1.2404,3.1335,3616.1094,5153
14.2310,20.0756,4.9748,1.7675,0.010100,1.0650,3.1631,3616.1094,5153
25.4362,20.4428,9.0589,1.6938,0.011200,1.2795,3.1058,3616.1094,5153
20.8182,20.3959,7.4324,1.6445,0.010500,1.3315,3.1140,3616.1094,5153
26.2154,20.3807,5.6304,2.0470,0.010600,1.2391,3.0956,3616.1094,5153
18.8383,20.4639,7.3272,2.0050,0.010400,1.0826,3.1263,3616.1094,5153
17.6389,20.5547,4.2472,1.8269,0.010300,1.0359,3.1221,3616.1094,5153
24.2567,20.2967,6.4046,1.8197,0.010100,1.0185,3.1006,3616.1094,5153
20.9721,20.3798,4.5954,1.6885,0.009800,0.9818,3.0945,3616.1094,5153
20.8270,20.2808,4.7009,1.7071,0.009600,0.8116,3.0629,3616.1094,5153
20.4893,20.2507,5.3722,1.9907,0.009400,1.0975,3.0996,3616.1094,5153
25.8550,20.2530,5.8640,1.6476,0.010800,1.0978,3.0975,3616.1094,5153
14.9958,19.9625,6.4177,1.8236,0.009900,1.3485,3.0812,3616.1094,5153
20.9408,19.6248,6.4376,1.6404,0.010000,1.3188,3.0792,3616.1094,5153
20.4811,19.9554,6.2592,1.9394,0.009800,0.9124,3.0607,3616.1094,5153
24.1681,20.3149,6.6648,1.6179,0.010500,1.3372,3.1550,3616.1094,5153
20.7250,20.5795,5.3925,1.6783,0.010600,1.2040,3.1314,3616.1094,5153
20.8261,20.1953,6.4954,1.7684,0.010300,1.1202,3.1089,3616.1094,5153
24.3140,20.0510,6.4686,1.7244,0.010600,1.1790,3.0843,3616.1094,5153
20.2141,20.5205,5.0306,1.7192,0.010300,1.0537,3.0740,3616.1094,5153
23.2442,20.2933,6.1431,1.6741,0.010100,1.2857,3.1098,3616.1094,5153
18.5167,20.1112,9.0301,1.9763,0.010800,1.2579,3.0700,3616.1094,5153
19.9157,20.1810,5.6468,1.6590,0.011300,1.2362,3.0987,3616.1094,5153
20.6236,19.9058,6.8000,2.0060,0.009900,0.9565,3.0658,3616.1094,5153
22.3463,20.3735,6.3867,1.8473,0.010300,1.0899,3.0453,3616.1094,5153
22.5640,20.2236,5.3083,1.7469,0.009400,0.9941,3.0484,3616.1094,5153
20.2915,20.1336,7.3116,1.5698,0.010500,1.4159,3.0587,3616.1094,5153
22.4587,20.2178,4.9627,1.7520,0.009700,1.0295,3.0638,3616.1094,5153
17.3440,19.9146,5.8452,1.7519,0.010000,1.0318,3.0740,3616.1094,5153
23.6604,19.6949,5.1267,1.6651,0.009800,1.1489,3.0608,3616.1094,5153
18.9712,20.1211,4.7651,1.9252,0.010700,1.1459,3.0484,3616.1094,5153
18.4053,19.6859,6.2868,1.7296,0.010100,1.0014,3.0330,3616.1094,5153
23.4090,20.0632,7.7348,1.7685,0.009200,1.0899,3.0279,3616.1094,5153
20.8540,20.1488,6.0410,1.8801,0.010400,0.9292,3.0751,3616.1094,5153
20.9045,20.4442,6.6842,1.9374,0.011000,0.9419,3.1519,3616.1094,5153
23.6566,20.3180,6.0775,1.6067,0.010000,1.4124,3.1089,3616.1094,5153
16.8590,19.8360,4.6763,1.8677,0.009400,1.3473,3.1140,3616.1094,5153
21.7553,20.5322,6.1736,0,0,0,0,3616.1094,5153
